Cell QID,Article QID
Q111729566,Q111686643
Q111729568,Q111686643
Q71309275,Q71306466
Q71309847,Q71306466
Q71309861,Q71306466
Q71311237,Q71306466
Q71311242,Q71306466
Q71311249,Q71306466
Q71311849,Q71306466
Q71311851,Q71306466
Q71312204,Q71306466
Q71313771,Q71306466
Q71314941,Q71306466
Q71314945,Q71306466
Q71314951,Q71306466
Q71314973,Q71306466
Q71314976,Q71306466
Q71314986,Q71306466
Q71314988,Q71306466
Q71315017,Q71306466
Q71315040,Q71306466
Q71315558,Q71306466
Q101062595,Q96952470
Q85740263,Q55118285
Q101062595,Q55118285
Q111583367,Q111441182
Q111482663,Q111441187
Q111482669,Q111441187
Q113661763,Q104288327
Q112184878,Q96952470
Q112184888,Q96952470
Q112184902,Q96952470
Q113044532,Q89621143
Q111729588,Q26823083
Q112117509,Q36108549
Q112117510,Q36108549
Q112117520,Q36108549
Q112117530,Q36108549
Q112117422,Q40736991
Q113044562,Q55006597
Q112184902,Q55118285
Q116185050,Q55118285
Q116185263,Q55118285
Q116185389,Q55118285
Q116185394,Q55118285
Q116185422,Q55118285
Q116254306,Q55118285
Q116254316,Q55118285
Q116254703,Q55118285
Q116259209,Q55118285
Q116267949,Q55118285
Q116267960,Q55118285
Q116267976,Q55118285
Q116267991,Q55118285
Q116278451,Q55118285
Q116278467,Q55118285
Q116278514,Q55118285
Q116314568,Q55118285
Q116314581,Q55118285
Q116314583,Q55118285
Q116314606,Q55118285
Q116314616,Q55118285
Q116315656,Q55118285
Q116342371,Q55118285
Q116342450,Q55118285
Q116342507,Q55118285
Q116342530,Q55118285
Q116342567,Q55118285
Q116342575,Q55118285
Q116342943,Q55118285
Q116343023,Q55118285
Q116343091,Q55118285
Q113044622,Q38251585
Q113044626,Q38251585
Q113044653,Q38251585
Q113044707,Q38251585
Q113046504,Q38251585
Q111803487,Q111722922
Q113044733,Q91321664
Q113044741,Q91321664
Q112117462,Q111985889
Q113407764,Q101045737
Q113407765,Q101045737
Q113044610,Q89748825
Q112117499,Q64888669
Q112117503,Q64888669
Q113044573,Q91662280
Q113044574,Q91662280
Q113044578,Q91662280
Q111804509,Q98725920
Q111804517,Q98725920
Q111804527,Q90781384
Q113044554,Q91989344
Q111804289,Q52687688
Q107446531,Q58793343
Q107446533,Q58793343
Q107446790,Q90612750
Q107446868,Q70906629
Q107550670,Q104130336
Q107446899,Q92354852
Q106303285,Q26862512
Q106303288,Q26862512
Q109662162,Q91523279
Q106399345,Q101212121
Q106634207,Q98166912
Q106634212,Q98166912
Q109282907,Q96690191
Q108651086,Q50420532
Q107297675,Q34555562
Q107297693,Q34555562
Q107297697,Q34555562
Q107297701,Q34555562
Q107297710,Q34555562
Q108625087,Q42972264
Q108625091,Q42972264
Q108625738,Q42972264
Q108625752,Q42972264
Q109650378,Q91969373
Q109650385,Q97903250
Q109662144,Q97903250
Q107446079,Q89808480
Q107446144,Q89808480
Q107446148,Q89808480
Q107446223,Q89808480
Q107446229,Q89808480
Q107452698,Q92826478
Q107558775,Q104450608
Q107559262,Q104450608
Q108625780,Q48659057
Q108625797,Q48659057
Q107559265,Q104450624
Q108625898,Q90284294
Q108611482,Q90348985
Q108611483,Q90348985
Q108611495,Q90348985
Q107550378,Q106535191
Q107550580,Q106535191
Q107446715,Q89748559
Q107446721,Q89748559
Q107446753,Q89748559
Q109235348,Q107332851
Q109235350,Q107332851
Q109259744,Q107332851
Q109259747,Q107332851
Q109259794,Q107332851
Q109282920,Q42144472
Q107297787,Q57804774
Q106410723,Q36368053
Q106410725,Q36368053
Q106410731,Q36368053
Q109650356,Q59770869
Q109650357,Q59770869
Q108662704,Q107128138
Q107550608,Q106272047
Q108662707,Q107158224
Q109922903,Q92817489
Q109922905,Q92817489
Q111415229,Q57025360
Q111415531,Q52374114
Q109922909,Q92204349
Q111583373,Q111441182
Q111583388,Q111441182
Q111416646,Q63979659
Q111416650,Q63979659
Q111583403,Q111524386
Q111583481,Q111524386
Q111583497,Q111524386
Q111583529,Q111524386
Q109805084,Q108923922
Q109922287,Q108923922
Q111416841,Q47321523
Q109922735,Q100899356
Q109922738,Q100899356
Q111416548,Q90761592
Q111416557,Q90761592
Q111416559,Q90761592
Q109662172,Q91523279
Q111451571,Q26771463
Q109922926,Q92614159
Q109922927,Q92614159
Q109923027,Q92614159
Q109922460,Q109361945
Q111481952,Q92856630
Q111482058,Q92856630
Q111729429,Q111601753
Q111729445,Q41309339
Q111394007,Q57025321
Q111248082,Q34519843
Q111248083,Q34519843
Q111416888,Q55118285
Q111729406,Q90009406
Q111729407,Q90009406
Q111416869,Q99637086
Q111416888,Q99637086
Q111416897,Q99637086
Q111393684,Q109755007
Q111393857,Q109755007
Q111393860,Q109755007
Q111393870,Q109755007
Q111393885,Q109755007
Q111416610,Q91024501
Q111416595,Q37320970
Q111416738,Q92668670
Q111416748,Q92668670
Q111416905,Q100753797
Q111416918,Q100753797
Q111416827,Q27321172
Q111416829,Q27321172
Q111416623,Q42380465
Q111416630,Q101050636
Q111729541,Q111652369
Q111729542,Q111652369
Q109746219,Q108840167
Q109746222,Q108840167
Q109746224,Q108840167
Q111416730,Q36765250
Q111729497,Q111649631
Q111729498,Q111649631
Q111729505,Q111649631
Q111416734,Q93052958
Q111416725,Q60300379
Q111416727,Q60300379
Q111482567,Q111441187
Q111482569,Q111441187
Q111482667,Q111441187
Q111729546,Q107363182
Q111416681,Q59794209
Q111416685,Q59794209
Q111416686,Q59794209
Q109922468,Q90754750
Q109922469,Q90754750
Q111482177,Q111441172
Q111482193,Q111441172
Q111482201,Q111441172
Q111583586,Q99571943
Q111451579,Q111245549
Q111451671,Q111245549
Q111451674,Q111245549
Q111416697,Q47122082
Q111416714,Q47122082
Q109922316,Q109264954
Q109922323,Q109264954
Q111393944,Q92017855
Q109922585,Q90572524
Q109922751,Q92382884
Q111416790,Q89474518
Q109922440,Q109361436
Q109922327,Q39281660
Q111416572,Q91891091
Q116185388,Q55118285
Q116185391,Q55118285
Q116185421,Q55118285
Q116185425,Q55118285
Q116185535,Q55118285
Q116185539,Q55118285
Q116254304,Q55118285
Q116254370,Q55118285
Q116254853,Q55118285
Q116259181,Q55118285
Q116267966,Q55118285
Q116267986,Q55118285
Q116267996,Q55118285
Q116268019,Q55118285
Q116268024,Q55118285
Q116278472,Q55118285
Q116314519,Q55118285
Q116314601,Q55118285
Q116314646,Q55118285
Q116314647,Q55118285
Q116314939,Q55118285
Q116342372,Q55118285
Q116342380,Q55118285
Q116342418,Q55118285
Q116342421,Q55118285
Q116342447,Q55118285
Q116342549,Q55118285
Q116342563,Q55118285
Q116342690,Q55118285
Q116343028,Q55118285
Q116446788,Q55118285
Q116446813,Q55118285
Q116446853,Q55118285
Q116446859,Q55118285
Q116446867,Q55118285
Q116446873,Q55118285
Q116446883,Q55118285
Q116446906,Q55118285
Q116446915,Q55118285
Q116446918,Q55118285
Q116447123,Q55118285
Q116447138,Q55118285
Q116447162,Q55118285
Q116447171,Q55118285
Q116447174,Q55118285
Q116447177,Q55118285
Q116447181,Q55118285
Q116447206,Q55118285
Q116447210,Q55118285
Q116447223,Q55118285
Q116447237,Q55118285
Q116447239,Q55118285
Q116447247,Q55118285
Q116447250,Q55118285
Q116447257,Q55118285
Q116447343,Q55118285
Q116458236,Q55118285
Q116458240,Q55118285
Q116458245,Q55118285
Q116458293,Q55118285
Q116458295,Q55118285
Q116486257,Q55118285
Q116486259,Q55118285
Q116486262,Q55118285
Q116486267,Q55118285
Q116527640,Q55118285
Q116527645,Q55118285
Q116527654,Q55118285
Q116527747,Q55118285
Q116529031,Q55118285
Q116529255,Q55118285
Q116529458,Q55118285
Q116529462,Q55118285
Q116529589,Q55118285
Q116530518,Q55118285
Q116530520,Q55118285
Q116530523,Q55118285
Q116530581,Q55118285
Q116530613,Q55118285
Q116530705,Q55118285
Q116530708,Q55118285
Q116530772,Q55118285
Q116530777,Q55118285
Q116530782,Q55118285
Q116530789,Q55118285
Q116530857,Q55118285
Q116530867,Q55118285
Q116530879,Q55118285
Q111416842,Q59326833
Q111415272,Q57025360
Q109922740,Q92303660
Q109922741,Q92303660
Q109593257,Q59066334
Q109593258,Q59066334
Q109593264,Q59066334
Q109908611,Q89720882
Q111416666,Q63979659
Q111416668,Q63979659
Q111451687,Q42004626
Q109805082,Q108923922
Q109922286,Q108923922
Q111416838,Q47321523
Q111416550,Q90761592
Q111416555,Q90761592
Q111415574,Q93151331
Q111415583,Q93151331
Q109662156,Q91523279
Q109662168,Q91523279
Q111451951,Q92856630
Q109282905,Q96690191
Q109282908,Q96690191
Q111394014,Q57025321
Q109922754,Q57814130
Q109593258,Q55118285
Q111415272,Q55118285
Q111416892,Q99637086
Q109923046,Q109755007
Q111393854,Q109755007
Q111393867,Q109755007
Q111393879,Q109755007
Q111416614,Q91024501
Q111416575,Q37320970
Q111416578,Q37320970
Q111416579,Q37320970
Q111451682,Q98206334
Q111416736,Q92668670
Q111416741,Q92668670
Q111416743,Q92668670
Q111416900,Q100753797
Q111416901,Q100753797
Q111416906,Q100753797
Q111416910,Q100753797
Q111451680,Q98778521
Q111416831,Q27321172
Q111393971,Q96017661
Q109922589,Q101212124
Q109746215,Q108840167
Q109746220,Q108840167
Q109746226,Q108840167
Q111416846,Q51415870
Q111415203,Q90798324
Q111416763,Q51767593
Q111415309,Q93137685
Q111415313,Q93137685
Q109282913,Q92669541
Q109282915,Q92669541
Q109282917,Q92669541
Q111416724,Q60300379
Q111416621,Q92548431
Q111482565,Q111441187
Q111482568,Q111441187
Q109282761,Q107363182
Q109746354,Q92185170
Q111482189,Q111441172
Q111482199,Q111441172
Q111482208,Q111441172
Q109922288,Q92932854
Q109650379,Q36433286
Q109650382,Q36433286
Q109650383,Q36433286
Q111451580,Q111245549
Q111451660,Q111245549
Q111451667,Q111245549
Q111451676,Q111245549
Q111416546,Q83232134
Q111416547,Q83232134
Q111416864,Q93063965
Q109922315,Q109264954
Q111393951,Q92017855
Q109922748,Q92382884
Q109650335,Q59770869
Q109650354,Q59770869
Q111416795,Q93039229
Q109922446,Q109361436
Q111416641,Q110477396
Q111416567,Q91891091
Q116343126,Q55118285
Q116446765,Q55118285
Q116446818,Q55118285
Q116446833,Q55118285
Q116446874,Q55118285
Q116446881,Q55118285
Q116446913,Q55118285
Q116447131,Q55118285
Q116447132,Q55118285
Q116447140,Q55118285
Q116447145,Q55118285
Q116447172,Q55118285
Q116447175,Q55118285
Q116447185,Q55118285
Q116447193,Q55118285
Q116447200,Q55118285
Q116447205,Q55118285
Q116447209,Q55118285
Q116447220,Q55118285
Q116447271,Q55118285
Q116447273,Q55118285
Q116447274,Q55118285
Q116447281,Q55118285
Q116447310,Q55118285
Q116447342,Q55118285
Q116458222,Q55118285
Q116458234,Q55118285
Q116458239,Q55118285
Q116458246,Q55118285
Q116458247,Q55118285
Q116458255,Q55118285
Q116458294,Q55118285
Q116458296,Q55118285
Q116458307,Q55118285
Q116486263,Q55118285
Q116527378,Q55118285
Q116527518,Q55118285
Q116527650,Q55118285
Q116528987,Q55118285
Q116528989,Q55118285
Q116529000,Q55118285
Q116529029,Q55118285
Q116529236,Q55118285
Q116529240,Q55118285
Q116529454,Q55118285
Q116529455,Q55118285
Q116529575,Q55118285
Q116529586,Q55118285
Q116529593,Q55118285
Q116530526,Q55118285
Q116530584,Q55118285
Q116530587,Q55118285
Q116530603,Q55118285
Q116530605,Q55118285
Q116530619,Q55118285
Q116530690,Q55118285
Q116530694,Q55118285
Q116530709,Q55118285
Q116530788,Q55118285
Q116530792,Q55118285
Q116530795,Q55118285
Q116530846,Q55118285
Q116530858,Q55118285
Q116530869,Q55118285
Q116530886,Q55118285
Q116530888,Q55118285
Q116530893,Q55118285
Q116531143,Q55118285
Q116531146,Q55118285
Q116531247,Q55118285
Q116531257,Q55118285
Q116532075,Q55118285
Q116532079,Q55118285
Q111416844,Q59326833
Q111451567,Q91558351
Q111729564,Q111686643
Q113044511,Q90872162
Q112184879,Q96952470
Q112184883,Q96952470
Q113044555,Q90110307
Q111583363,Q111441182
Q111583384,Q111441182
Q111583389,Q111441182
Q112117446,Q38722200
Q111729603,Q26823083
Q111583414,Q111524386
Q111583422,Q111524386
Q112117476,Q68270459
Q112117508,Q36108549
Q112117511,Q36108549
Q112117512,Q36108549
Q112117519,Q36108549
Q112117533,Q36108549
Q111451688,Q42004626
Q112117449,Q91960533
Q113044563,Q55006597
Q112943500,Q93115184
Q112943501,Q93115184
Q112943514,Q93115184
Q113044471,Q93115184
Q111482011,Q92856630
Q112117491,Q41946263
Q113044712,Q55118285
Q111804284,Q111729803
Q111416891,Q99637086
Q111416896,Q99637086
Q113044639,Q38251585
Q113044640,Q38251585
Q113044692,Q38251585
Q113044696,Q38251585
Q113044698,Q38251585
Q113044701,Q38251585
Q113044703,Q38251585
Q113046501,Q38251585
Q111416909,Q100753797
Q111416913,Q100753797
Q111416837,Q27321172
Q112184904,Q94550856
Q111729515,Q111652369
Q111729518,Q111652369
Q111729524,Q111652369
Q111729526,Q111652369
Q111729535,Q111652369
Q113044531,Q104492479
Q113044712,Q91321664
Q113044737,Q91321664
Q113044751,Q91321664
Q112117468,Q111985889
Q111416858,Q51415870
Q113044536,Q93137723
Q111729495,Q111649631
Q111729496,Q111649631
Q111729509,Q111649631
Q113407763,Q101045737
Q112943568,Q89748825
Q112117498,Q64888669
Q112117500,Q64888669
Q111416764,Q51767593
Q111508453,Q111482958
Q112184912,Q57489977
Q111729430,Q58765307
Q113141326,Q27321802
Q111482192,Q111441172
Q111482198,Q111441172
Q111482200,Q111441172
Q111482206,Q111441172
Q111416765,Q92163648
Q113044565,Q91662280
Q111451662,Q111245549
Q111451665,Q111245549
Q111451675,Q111245549
Q111451678,Q111245549
Q111451679,Q111245549
Q112117484,Q99607045
Q111804510,Q98725920
Q111804514,Q98725920
Q111416716,Q47122082
Q111416866,Q93063965
Q113141324,Q58547071
Q111804525,Q90781384
Q113044550,Q91989344
Q113044551,Q91989344
Q111416799,Q93039229
Q111416817,Q93039229
Q111416566,Q91891091
Q116531150,Q55118285
Q111415275,Q57025360
Q111415285,Q57025360
Q111415291,Q57025360
Q111416625,Q70906629
Q111415222,Q38699928
Q111415225,Q38699928
Q111415513,Q52374114
Q111415527,Q52374114
Q109922224,Q91960518
Q109922229,Q91960518
Q109922908,Q92204349
Q111393981,Q89720882
Q111416645,Q63979659
Q111416652,Q63979659
Q111416657,Q63979659
Q111416662,Q63979659
Q111416670,Q63979659
Q109316585,Q108923922
Q109805083,Q108923922
Q109805230,Q108923922
Q109805231,Q108923922
Q109922737,Q100899356
Q111416554,Q90761592
Q108853724,Q50001722
Q108853726,Q50001722
Q108853727,Q50001722
Q111416537,Q93151331
Q109923029,Q92614159
Q109923030,Q92614159
Q109922455,Q109361945
Q109922462,Q109361945
Q111415538,Q58840753
Q111415571,Q58840753
Q109282910,Q96690191
Q108651088,Q50420532
Q108651093,Q50420532
Q109922759,Q57814130
Q109922895,Q57814130
Q109923032,Q109755007
Q111393876,Q109755007
Q111393883,Q109755007
Q111393888,Q109755007
Q111416607,Q91024501
Q111416608,Q91024501
Q111416609,Q91024501
Q111416611,Q91024501
Q111416617,Q91024501
Q111416580,Q37320970
Q111416594,Q37320970
Q110866541,Q55118285
Q109922730,Q58605173
Q108625743,Q42972264
Q108625772,Q93040438
Q108625774,Q93040438
Q109662148,Q97903250
Q109662151,Q97903250
Q109922587,Q101212124
Q111416631,Q101050636
Q108662897,Q94473592
Q109746352,Q91987032
Q111415200,Q90798324
Q111416687,Q59336232
Q108651100,Q91763038
Q108625788,Q48659057
Q109282912,Q92669541
Q111416619,Q92548431
Q109922463,Q60341043
Q107559267,Q104450624
Q111416684,Q59794209
Q111415484,Q34492731
Q111415492,Q34492731
Q108611477,Q90348985
Q108611485,Q90348985
Q111416694,Q47122082
Q108611500,Q91763046
Q109922319,Q109264954
Q109922322,Q109264954
Q111393961,Q92017855
Q111415495,Q98614795
Q111416634,Q101127596
Q109259735,Q107332851
Q109259756,Q107332851
Q109259779,Q107332851
Q109922584,Q90572524
Q109922747,Q92382884
Q109650336,Q59770869
Q109650359,Q59770869
Q109650362,Q59770869
Q108662706,Q107128138
Q108611472,Q106272048
Q111416642,Q110477396
Q109922326,Q39281660
Q113661772,Q34670376
Q116185053,Q55118285
Q116185212,Q55118285
Q116185323,Q55118285
Q116185326,Q55118285
Q116185330,Q55118285
Q116185395,Q55118285
Q116185428,Q55118285
Q116185431,Q55118285
Q116254199,Q55118285
Q116254307,Q55118285
Q116254320,Q55118285
Q116254374,Q55118285
Q116254693,Q55118285
Q116254857,Q55118285
Q116268008,Q55118285
Q116314485,Q55118285
Q116314518,Q55118285
Q116314605,Q55118285
Q116314607,Q55118285
Q116314856,Q55118285
Q116315413,Q55118285
Q116342374,Q55118285
Q116342419,Q55118285
Q116342430,Q55118285
Q116342519,Q55118285
Q116342582,Q55118285
Q116342584,Q55118285
Q116342683,Q55118285
Q116342689,Q55118285
Q116342906,Q55118285
Q116342938,Q55118285
Q116342941,Q55118285
Q116343093,Q55118285
Q116343107,Q55118285
Q116343127,Q55118285
Q116446766,Q55118285
Q116446816,Q55118285
Q116446817,Q55118285
Q116446819,Q55118285
Q116446821,Q55118285
Q116446822,Q55118285
Q116446828,Q55118285
Q116446868,Q55118285
Q116446884,Q55118285
Q116446914,Q55118285
Q116447139,Q55118285
Q116447147,Q55118285
Q116447155,Q55118285
Q116447157,Q55118285
Q116447170,Q55118285
Q116447173,Q55118285
Q116447176,Q55118285
Q116447189,Q55118285
Q116447202,Q55118285
Q116447240,Q55118285
Q116447287,Q55118285
Q116458235,Q55118285
Q116458238,Q55118285
Q116458244,Q55118285
Q116458258,Q55118285
Q116458301,Q55118285
Q116486261,Q55118285
Q116527652,Q55118285
Q116527653,Q55118285
Q116529026,Q55118285
Q116529027,Q55118285
Q116529234,Q55118285
Q116529244,Q55118285
Q116529456,Q55118285
Q116529461,Q55118285
Q116529579,Q55118285
Q116529597,Q55118285
Q116530524,Q55118285
Q116530599,Q55118285
Q113407766,Q101045737
Q113407767,Q101045737
Q5262669,Q55118285
Q116342554,Q55118285
Q116342569,Q55118285
Q116342630,Q55118285
Q116342687,Q55118285
Q116342939,Q55118285
Q116343024,Q55118285
Q116343125,Q55118285
Q116446767,Q55118285
Q116446789,Q55118285
Q116446806,Q55118285
Q116446809,Q55118285
Q116446830,Q55118285
Q116446832,Q55118285
Q116446843,Q55118285
Q116446865,Q55118285
Q116446882,Q55118285
Q116446908,Q55118285
Q116447126,Q55118285
Q116447182,Q55118285
Q116447183,Q55118285
Q116447186,Q55118285
Q116447224,Q55118285
Q116447270,Q55118285
Q116447272,Q55118285
Q116447279,Q55118285
Q116447282,Q55118285
Q116447285,Q55118285
Q116447306,Q55118285
Q116447307,Q55118285
Q116458253,Q55118285
Q116458254,Q55118285
Q116458299,Q55118285
Q116458303,Q55118285
Q116486258,Q55118285
Q116486260,Q55118285
Q116486264,Q55118285
Q116527531,Q55118285
Q116527661,Q55118285
Q116528993,Q55118285
Q116528997,Q55118285
Q116529015,Q55118285
Q116529023,Q55118285
Q116529577,Q55118285
Q116529580,Q55118285
Q116529584,Q55118285
Q116530521,Q55118285
Q116530583,Q55118285
Q116530602,Q55118285
Q116530606,Q55118285
Q116530612,Q55118285
Q116530623,Q55118285
Q116530684,Q55118285
Q116530774,Q55118285
Q116530775,Q55118285
Q116530778,Q55118285
Q116530849,Q55118285
Q116530850,Q55118285
Q116530854,Q55118285
Q116530872,Q55118285
Q116530877,Q55118285
Q116530883,Q55118285
Q116531137,Q55118285
Q116531142,Q55118285
Q116531149,Q55118285
Q116531250,Q55118285
Q116531258,Q55118285
Q116531260,Q55118285
Q116532064,Q55118285
Q116532069,Q55118285
Q116532074,Q55118285
Q1777753,Q55118285
Q106410699,Q106234628
Q106410700,Q106234628
Q113044507,Q90872162
Q113044513,Q90872162
Q112184876,Q96952470
Q112184889,Q96952470
Q112184901,Q96952470
Q111804519,Q111749843
Q111804520,Q111749843
Q111804521,Q111749843
Q112117471,Q68270459
Q112117513,Q36108549
Q112117525,Q36108549
Q112117528,Q36108549
Q112117531,Q36108549
Q112117532,Q36108549
Q112117423,Q40736991
Q106303261,Q26862512
Q106517062,Q106248504
Q106602131,Q106248504
Q106517168,Q98166912
Q106634209,Q98166912
Q106634214,Q98166912
Q113044561,Q55006597
Q112943498,Q93115184
Q112943506,Q93115184
Q112943587,Q93115184
Q113044461,Q93115184
Q113044464,Q93115184
Q113044470,Q93115184
Q105665529,Q28288068
Q105665551,Q28288068
Q101062623,Q55118285
Q106443855,Q37320970
Q113044526,Q104492479
Q113044530,Q104492479
Q113044560,Q89748825
Q112184910,Q57489977
Q112184911,Q57489977
Q106399423,Q83224730
Q111804516,Q98725920
Q111804518,Q98725920
Q113044549,Q91989344
Q106586927,Q60128972
Q112184907,Q98718297
Q71309274,Q71306466
Q71311232,Q71306466
Q71311857,Q71306466
Q71314038,Q71306466
Q71314953,Q71306466
Q71315004,Q71306466
Q71315023,Q71306466
Q71315038,Q71306466
Q71315565,Q71306466
Q96413132,Q52374114
Q113044504,Q90872162
Q66599477,Q96952470
Q112184874,Q96952470
Q112184877,Q96952470
Q112184894,Q96952470
Q112184895,Q96952470
Q112184900,Q96952470
Q111583375,Q111441182
Q111583381,Q111441182
Q111583382,Q111441182
Q111583393,Q111441182
Q111583395,Q111441182
Q111729602,Q26823083
Q111583401,Q111524386
Q111583416,Q111524386
Q111583418,Q111524386
Q111583420,Q111524386
Q111583485,Q111524386
Q111583530,Q111524386
Q112117517,Q36108549
Q112117518,Q36108549
Q112117523,Q36108549
Q112117529,Q36108549
Q112117534,Q36108549
Q112117424,Q40736991
Q112117426,Q40736991
Q112117428,Q40736991
Q112117451,Q91960533
Q112943507,Q93115184
Q112943515,Q93115184
Q113044462,Q93115184
Q113044469,Q93115184
Q111804299,Q92166143
Q111729427,Q111601753
Q111804308,Q61800365
Q111804311,Q61800365
Q111804496,Q61800365
Q111804497,Q61800365
Q111804498,Q61800365
Q111804502,Q61800365
Q111803489,Q92705278
Q111803499,Q92705278
Q66602565,Q55118285
Q93752011,Q55118285
Q111804283,Q111729803
Q113044652,Q38251585
Q113044699,Q38251585
Q113046539,Q38251585
Q114095447,Q38004897
Q111729521,Q111652369
Q111729539,Q111652369
Q113044528,Q104492479
Q113044742,Q91321664
Q113044743,Q91321664
Q113044746,Q91321664
Q113044752,Q91321664
Q112117463,Q111985889
Q112117465,Q111985889
Q111729490,Q111649631
Q111729499,Q111649631
Q113044595,Q89748825
Q112117441,Q36352374
Q111729557,Q107363182
Q111583582,Q99571943
Q113044577,Q91662280
Q112117483,Q99607045
Q111729425,Q59806190
Q113044762,Q42776260
Q113044503,Q47311078
Q111804302,Q90170517
Q111804287,Q52687688
Q112184905,Q98718297
Q7697784,Q55118285
Q111729591,Q26823083
Q111729592,Q26823083
Q111729597,Q26823083
Q111804309,Q61800365
Q111804313,Q61800365
Q111804493,Q61800365
Q111804494,Q61800365
Q111803488,Q111722922
Q111804503,Q91891499
Q111804505,Q91891499
Q111804508,Q98725920
Q111804515,Q98725920
Q111804305,Q90170517
Q111451738,Q57149117
Q111451566,Q91558351
Q111415282,Q57025360
Q111393977,Q89720882
Q111583365,Q111441182
Q111583370,Q111441182
Q111583379,Q111441182
Q111583383,Q111441182
Q111583390,Q111441182
Q111583391,Q111441182
Q111583398,Q111441182
Q111416644,Q63979659
Q111416654,Q63979659
Q111583409,Q111524386
Q111583520,Q111524386
Q111416552,Q90761592
Q111415580,Q93151331
Q111416539,Q93151331
Q111451570,Q26771463
Q111451573,Q26771463
Q111451941,Q92856630
Q111219005,Q34519843
Q109923047,Q109755007
Q109923048,Q109755007
Q109923168,Q109755007
Q109923172,Q109755007
Q111393850,Q109755007
Q111393873,Q109755007
Q111393906,Q109755007
Q111393909,Q109755007
Q111416577,Q37320970
Q111416588,Q37320970
Q111416593,Q37320970
Q111416601,Q37320970
Q111416739,Q92668670
Q111416742,Q92668670
Q111416747,Q92668670
Q111416902,Q100753797
Q111416907,Q100753797
Q111416908,Q100753797
Q111416917,Q100753797
Q111416920,Q100753797
Q111416835,Q27321172
Q111393967,Q96017661
Q111729513,Q111652369
Q111729530,Q111652369
Q111729533,Q111652369
Q111416729,Q36765250
Q111729500,Q111649631
Q111729503,Q111649631
Q111729504,Q111649631
Q111729511,Q111649631
Q111508451,Q111508402
Q111415206,Q90798324
Q111416762,Q51767593
Q111416602,Q91662287
Q111729544,Q107363182
Q111729545,Q107363182
Q111729556,Q107363182
Q111415488,Q34492731
Q111482188,Q111441172
Q111583590,Q99571943
Q111416755,Q90950243
Q111451670,Q111245549
Q111416540,Q83232134
Q111416545,Q83232134
Q111416860,Q93063965
Q111393957,Q92017855
Q111416637,Q101127596
Q111416638,Q101127596
Q111416640,Q110477396
Q111729412,Q94948254
Q111416574,Q91891091
Q107446532,Q58793343
Q107446898,Q70906629
Q107550672,Q104130336
Q107446686,Q33664675
Q114095446,Q112648283
Q107550290,Q106534301
Q108625757,Q47095124
Q108625762,Q47095124
Q108625765,Q47095124
Q107550606,Q95602396
Q113407758,Q92055634
Q113407759,Q92055634
Q113407762,Q92055634
Q116185054,Q55118285
Q116185393,Q55118285
Q116185424,Q55118285
Q116254315,Q55118285
Q116254317,Q55118285
Q116254855,Q55118285
Q116259180,Q55118285
Q116267973,Q55118285
Q116267974,Q55118285
Q116267992,Q55118285
Q116267994,Q55118285
Q116268000,Q55118285
Q116268001,Q55118285
Q116268023,Q55118285
Q116278443,Q55118285
Q116314611,Q55118285
Q116314618,Q55118285
Q116315479,Q55118285
Q116315683,Q55118285
Q116315915,Q55118285
Q116342373,Q55118285
Q116342386,Q55118285
Q116342504,Q55118285
Q116342521,Q55118285
Q107369430,Q104552382
Q113044625,Q38251585
Q113044636,Q38251585
Q113044638,Q38251585
Q113044657,Q38251585
Q113044658,Q38251585
Q113044706,Q38251585
Q113046492,Q38251585
Q107550685,Q106642644
Q107550690,Q106642644
Q108625769,Q93040438
Q113044720,Q91321664
Q113044721,Q91321664
Q113044735,Q91321664
Q113044736,Q91321664
Q113044744,Q91321664
Q107550350,Q106534414
Q107446146,Q89808480
Q107446222,Q89808480
Q107446247,Q89808480
Q107452697,Q92826478
Q107559260,Q104450608
Q113044596,Q89748825
Q113044597,Q89748825
Q107301411,Q106354969
Q107301415,Q106354969
Q107301425,Q106354969
Q113661767,Q56529283
Q113661768,Q56529283
Q107446909,Q92766837
Q107446918,Q92766837
Q113044580,Q91662280
Q108611479,Q90348985
Q107550379,Q109264954
Q107550371,Q106535191
Q107550379,Q106535191
Q107550380,Q106535191
Q107550581,Q106535191
Q107550614,Q102206138
Q107297715,Q57804774
Q113141327,Q52350169
Q108601039,Q106272047
Q108601042,Q106272047
Q108601043,Q106272047
Q107550695,Q99604056
Q109922744,Q92303660
Q109922746,Q92303660
Q109922226,Q91960518
Q109922228,Q91960518
Q109593260,Q59066334
Q109593261,Q59066334
Q109593263,Q59066334
Q109805074,Q108923922
Q109805076,Q108923922
Q109805228,Q108923922
Q109805229,Q108923922
Q108933022,Q50001722
Q109923028,Q92614159
Q109923031,Q92614159
Q109922457,Q109361945
Q109922458,Q109361945
Q109922459,Q109361945
Q109282902,Q96690191
Q109282906,Q96690191
Q109922289,Q57173237
Q108651089,Q50420532
Q108651095,Q50420532
Q109922756,Q57814130
Q109593260,Q55118285
Q109593261,Q55118285
Q109923043,Q109755007
Q109923044,Q109755007
Q109923045,Q109755007
Q109922728,Q58605173
Q109650377,Q91969373
Q109662146,Q97903250
Q109662147,Q97903250
Q109662152,Q97903250
Q109922900,Q98388185
Q109922901,Q98388185
Q109746361,Q89748873
Q109746221,Q108840167
Q109746223,Q108840167
Q108662709,Q94473592
Q108699661,Q104794656
Q109746356,Q92932854
Q109650380,Q36433286
Q109650381,Q36433286
Q109650384,Q36433286
Q109922449,Q109361717
Q109922451,Q109361717
Q109235257,Q107332851
Q109235347,Q107332851
Q109259789,Q107332851
Q109259792,Q107332851
Q109922583,Q90572524
Q109282925,Q42144472
Q109650353,Q59770869
Q109650360,Q59770869
Q109922447,Q109361436
Q71307005,Q71306466
Q71307011,Q71306466
Q71309270,Q71306466
Q71309850,Q71306466
Q71313767,Q71306466
Q71314045,Q71306466
Q71314919,Q71306466
Q71314934,Q71306466
Q71314970,Q71306466
Q71314979,Q71306466
Q71314991,Q71306466
Q101062654,Q96952470
Q4918570,Q55118285
Q5712474,Q55118285
Q116267962,Q55118285
Q116267975,Q55118285
Q116267981,Q55118285
Q116268006,Q55118285
Q116278458,Q55118285
Q116278513,Q55118285
Q116314477,Q55118285
Q116314479,Q55118285
Q116314615,Q55118285
Q116314847,Q55118285
Q116314860,Q55118285
Q116314889,Q55118285
Q116315235,Q55118285
Q116315269,Q55118285
Q116315520,Q55118285
Q116315592,Q55118285
Q116315790,Q55118285
Q116342397,Q55118285
Q116342451,Q55118285
Q116342480,Q55118285
Q116342501,Q55118285
Q116342594,Q55118285
Q116342685,Q55118285
Q116446893,Q55118285
Q116446910,Q55118285
Q116447146,Q55118285
Q116447148,Q55118285
Q116447151,Q55118285
Q116446900,Q55118285
Q109922739,Q92303660
Q109922742,Q92303660
Q107297669,Q101476452
Q109593254,Q59066334
Q107446491,Q37314462
Q107550294,Q106534301
Q109805075,Q108923922
Q109805080,Q108923922
Q109922284,Q108923922
Q108933024,Q50001722
Q109746210,Q91523279
Q106517058,Q106248504
Q109922456,Q109361945
Q107550601,Q95602396
Q109282903,Q96690191
Q108651085,Q50420532
Q108651094,Q50420532
Q105665536,Q28288068
Q105665539,Q28288068
Q107297677,Q34555562
Q107297679,Q34555562
Q107297694,Q34555562
Q109259796,Q47320490
Q116620881,Q55118285
Q116620883,Q55118285
Q116620886,Q55118285
Q116620908,Q55118285
Q116620909,Q55118285
Q116620911,Q55118285
Q116620913,Q55118285
Q116620903,Q55118285
Q116620906,Q55118285
Q116620907,Q55118285
Q116620905,Q55118285
Q116620912,Q55118285
Q116620904,Q55118285
Q116621401,Q55118285
Q116621402,Q55118285
Q116621405,Q55118285
Q116621395,Q55118285
Q116621396,Q55118285
Q116621397,Q55118285
Q116621398,Q55118285
Q116621399,Q55118285
Q116621400,Q55118285
Q116621403,Q55118285
Q116621404,Q55118285
Q116621436,Q55118285
Q107369428,Q104552382
Q107369434,Q104552382
Q107301446,Q64261872
Q107550680,Q106642644
Q107550681,Q106642644
Q107550682,Q106642644
Q109922588,Q101212124
Q107551427,Q106692362
Q107558773,Q106692362
Q109746362,Q89748873
Q108662708,Q94473592
Q108662901,Q94473592
Q108662902,Q94473592
Q107550351,Q106534414
Q109746353,Q91987032
Q107446142,Q89808480
Q107446145,Q89808480
Q107446150,Q89808480
Q107446225,Q89808480
Q107446226,Q89808480
Q107452701,Q92826478
Q108662910,Q104794656
Q108625776,Q50422244
Q108625792,Q48659057
Q108625794,Q48659057
Q108625799,Q48659057
Q109282758,Q107363182
Q107559263,Q104450624
Q106399424,Q83224730
Q108625896,Q90284294
Q107446903,Q92766837
Q107446911,Q92766837
Q107446913,Q92766837
Q107452691,Q92766837
Q108611484,Q90348985
Q108611486,Q90348985
Q108611499,Q91763046
Q107550583,Q106535191
Q107446719,Q89748559
Q107446754,Q89748559
Q109259734,Q107332851
Q109259738,Q107332851
Q109259751,Q107332851
Q109259770,Q107332851
Q106410729,Q36368053
Q109650355,Q59770869
Q107452704,Q60128972
Q108601045,Q106272047
Q107550696,Q99604056
Q71307004,Q71306466
Q71309282,Q71306466
Q71309853,Q71306466
Q71311225,Q71306466
Q71311846,Q71306466
Q71311853,Q71306466
Q71311856,Q71306466
Q71311871,Q71306466
Q71314947,Q71306466
Q71314983,Q71306466
Q71315000,Q71306466
Q71315001,Q71306466
Q71315025,Q71306466
Q71315030,Q71306466
Q71315035,Q71306466
Q70906206,Q70906629
Q70913420,Q70906629
Q106303260,Q26862512
Q104746126,Q55118285
Q116531244,Q55118285
Q116531267,Q55118285
Q116531268,Q55118285
Q116531274,Q55118285
Q4316451,Q55118285
Q55602946,Q55118285
Q105199518,Q104450621
Q71307001,Q71306466
Q71311217,Q71306466
Q71311864,Q71306466
Q71313344,Q71306466
Q71314043,Q71306466
Q71315006,Q71306466
Q71315560,Q71306466
Q71315567,Q71306466
Q107446789,Q90612750
Q107446793,Q90612750
Q107297609,Q48163564
Q107297639,Q48163564
Q107297640,Q48163564
Q104551542,Q70906629
Q106410680,Q106234628
Q106410701,Q106234628
Q107550674,Q104130336
Q107446528,Q47564808
Q107297649,Q92267490
Q107297654,Q92267490
Q107446489,Q37314462
Q107446492,Q37314462
Q107550262,Q106534301
Q107550289,Q106534301
Q108933018,Q50001722
Q101062635,Q50001722
Q106303287,Q26862512
Q106517063,Q106248504
Q106634239,Q98166912
Q108611496,Q91668217
Q107550607,Q95602396
Q108651087,Q50420532
Q105665541,Q28288068
Q107297678,Q34555562
Q107297700,Q34555562
Q70229756,Q55118285
Q107301438,Q64261872
Q107550678,Q106642644
Q107550693,Q106642644
Q108625767,Q93040438
Q107551428,Q106692362
Q108625910,Q100560052
Q108662900,Q94473592
Q108662906,Q94473592
Q107306969,Q89808480
Q107446097,Q89808480
Q107452695,Q92826478
Q108625783,Q48659057
Q109282914,Q92669541
Q109282916,Q92669541
Q107446862,Q91561671
Q107446866,Q91561671
Q108651097,Q52655768
Q108589638,Q104450624
Q107446914,Q92766837
Q107452692,Q92766837
Q108611478,Q90348985
Q108611487,Q90348985
Q108611492,Q90348985
Q108611494,Q90348985
Q108611498,Q91763046
Q107550597,Q106535191
Q107550598,Q106535191
Q107550617,Q102206138
Q107550666,Q102206138
Q107550667,Q102206138
Q109282911,Q91560057
Q109235258,Q107332851
Q109259726,Q107332851
Q109259742,Q107332851
Q107297744,Q57804774
Q107550613,Q106272047
Q107550694,Q99604056
Q101405033,Q34555562
Q116620728,Q55118285
Q116620729,Q55118285
Q116620730,Q55118285
Q116620731,Q55118285
Q116620733,Q55118285
Q116620732,Q55118285
Q116620743,Q55118285
Q116620744,Q55118285
Q116620745,Q55118285
Q116620746,Q55118285
Q116620747,Q55118285
Q116620748,Q55118285
Q116620750,Q55118285
Q116620752,Q55118285
Q116620753,Q55118285
Q116620754,Q55118285
Q116620749,Q55118285
Q116620751,Q55118285
Q116620755,Q55118285
Q116620757,Q55118285
Q116620758,Q55118285
Q116620759,Q55118285
Q116620760,Q55118285
Q116620756,Q55118285
Q116620765,Q55118285
Q116620768,Q55118285
Q116620769,Q55118285
Q116620770,Q55118285
Q116620771,Q55118285
Q116620772,Q55118285
Q116620764,Q55118285
Q116620766,Q55118285
Q116620767,Q55118285
Q116620773,Q55118285
Q116620774,Q55118285
Q116620775,Q55118285
Q116620779,Q55118285
Q116620780,Q55118285
Q116620781,Q55118285
Q116620782,Q55118285
Q116620797,Q55118285
Q116620798,Q55118285
Q116620799,Q55118285
Q116620801,Q55118285
Q116620803,Q55118285
Q116620805,Q55118285
Q116620794,Q55118285
Q116620795,Q55118285
Q116620796,Q55118285
Q116620800,Q55118285
Q116620802,Q55118285
Q116620804,Q55118285
Q116620818,Q55118285
Q116620821,Q55118285
Q116620823,Q55118285
Q116620819,Q55118285
Q116620822,Q55118285
Q116620835,Q55118285
Q116620836,Q55118285
Q116620838,Q55118285
Q116620839,Q55118285
Q116620842,Q55118285
Q116620844,Q55118285
Q116620845,Q55118285
Q116620834,Q55118285
Q116620840,Q55118285
Q116620841,Q55118285
Q116620843,Q55118285
Q116620846,Q55118285
Q116620847,Q55118285
Q116620848,Q55118285
Q116620837,Q55118285
Q116620856,Q55118285
Q116620860,Q55118285
Q116620861,Q55118285
Q116620863,Q55118285
Q116620866,Q55118285
Q116620855,Q55118285
Q116620857,Q55118285
Q116620858,Q55118285
Q116620859,Q55118285
Q116620867,Q55118285
Q116620869,Q55118285
Q116620870,Q55118285
Q116620862,Q55118285
Q116620864,Q55118285
Q116620865,Q55118285
Q116620868,Q55118285
Q116620880,Q55118285
Q116620885,Q55118285
Q116620873,Q55118285
Q116620874,Q55118285
Q116620875,Q55118285
Q116620878,Q55118285
Q116620882,Q55118285
Q116620884,Q55118285
Q116620887,Q55118285
Q116620872,Q55118285
Q116620876,Q55118285
Q116620879,Q55118285
Q116644365,Q55118285
Q116644354,Q55118285
Q116644358,Q55118285
Q116644359,Q55118285
Q116644360,Q55118285
Q116644362,Q55118285
Q116644366,Q55118285
Q116644367,Q55118285
Q116644368,Q55118285
Q116644369,Q55118285
Q116644370,Q55118285
Q116644372,Q55118285
Q116644373,Q55118285
Q116644374,Q55118285
Q116644375,Q55118285
Q116644371,Q55118285
Q116644397,Q55118285
Q116644399,Q55118285
Q116644401,Q55118285
Q116644404,Q55118285
Q116644405,Q55118285
Q116644398,Q55118285
Q116644400,Q55118285
Q116644402,Q55118285
Q116644403,Q55118285
Q116644406,Q55118285
Q116644407,Q55118285
Q116645085,Q55118285
Q116645081,Q55118285
Q116645082,Q55118285
Q116645084,Q55118285
Q116645086,Q55118285
Q116645177,Q55118285
Q116645185,Q55118285
Q116645245,Q55118285
Q116645246,Q55118285
Q116645248,Q55118285
Q116645252,Q55118285
Q116645249,Q55118285
Q116645250,Q55118285
Q116645251,Q55118285
Q116645324,Q55118285
Q116645327,Q55118285
Q116645328,Q55118285
Q116645329,Q55118285
Q116645331,Q55118285
Q116645332,Q55118285
Q116645333,Q55118285
Q116645335,Q55118285
Q116645336,Q55118285
Q116645325,Q55118285
Q116645489,Q55118285
Q116645491,Q55118285
Q116645492,Q55118285
Q116645488,Q55118285
Q116645494,Q55118285
Q116650053,Q55118285
Q116650058,Q55118285
Q116650056,Q55118285
Q116650041,Q55118285
Q116650054,Q55118285
Q116650057,Q55118285
Q116650139,Q55118285
Q116650140,Q55118285
Q116650147,Q55118285
Q116650163,Q55118285
Q116650168,Q55118285
Q116650170,Q55118285
Q116650166,Q55118285
Q116650192,Q55118285
Q116650199,Q55118285
Q116650142,Q55118285
Q116650143,Q55118285
Q116650145,Q55118285
Q116650146,Q55118285
Q116650162,Q55118285
Q116650160,Q55118285
Q116650164,Q55118285
Q116650193,Q55118285
Q116650188,Q55118285
Q116650191,Q55118285
Q116650197,Q55118285
Q116650225,Q55118285
Q116650226,Q55118285
Q116650222,Q55118285
Q116650224,Q55118285
Q113044508,Q90872162
Q112184880,Q96952470
Q112184893,Q96952470
Q112184897,Q96952470
Q112117472,Q68270459
Q112117475,Q68270459
Q112117425,Q40736991
Q113044558,Q55006597
Q116621430,Q55118285
Q116621431,Q55118285
Q116621432,Q55118285
Q116621433,Q55118285
Q116621435,Q55118285
Q116621445,Q55118285
Q116621437,Q55118285
Q116621439,Q55118285
Q116621440,Q55118285
Q116621442,Q55118285
Q116621443,Q55118285
Q116621444,Q55118285
Q116621446,Q55118285
Q116621438,Q55118285
Q116621441,Q55118285
Q116643027,Q55118285
Q116643028,Q55118285
Q116643037,Q55118285
Q116643031,Q55118285
Q116643033,Q55118285
Q116643040,Q55118285
Q116643029,Q55118285
Q116643035,Q55118285
Q116643030,Q55118285
Q116643038,Q55118285
Q116643042,Q55118285
Q116643048,Q55118285
Q116643050,Q55118285
Q116643045,Q55118285
Q116643047,Q55118285
Q116643225,Q55118285
Q116643227,Q55118285
Q116643233,Q55118285
Q116643234,Q55118285
Q116643229,Q55118285
Q116643231,Q55118285
Q116643241,Q55118285
Q116643236,Q55118285
Q116643238,Q55118285
Q116643240,Q55118285
Q116643243,Q55118285
Q116643245,Q55118285
Q116643247,Q55118285
Q116643249,Q55118285
Q116643251,Q55118285
Q116643254,Q55118285
Q116643252,Q55118285
Q116643256,Q55118285
Q116643334,Q55118285
Q116643340,Q55118285
Q116643350,Q55118285
Q116643331,Q55118285
Q116643353,Q55118285
Q116643354,Q55118285
Q116643346,Q55118285
Q116643342,Q55118285
Q116643338,Q55118285
Q116643333,Q55118285
Q116643349,Q55118285
Q116643336,Q55118285
Q116643351,Q55118285
Q116643332,Q55118285
Q116643345,Q55118285
Q116643352,Q55118285
Q116643335,Q55118285
Q116643339,Q55118285
Q116643341,Q55118285
Q116643344,Q55118285
Q116643337,Q55118285
Q116643343,Q55118285
Q116643347,Q55118285
Q116643355,Q55118285
Q116643356,Q55118285
Q116643357,Q55118285
Q113044520,Q104492479
Q113044524,Q104492479
Q112117455,Q111985889
Q112117460,Q111985889
Q112117466,Q111985889
Q111804504,Q91891499
Q113044545,Q93137723
Q112943567,Q89748825
Q112117497,Q64888669
Q112117502,Q64888669
Q113044548,Q38672340
Q113044566,Q91662280
Q112117477,Q112056199
Q112117478,Q112056199
Q113044553,Q91989344
Q71306999,Q71306466
Q71311215,Q71306466
Q71311229,Q71306466
Q71311245,Q71306466
Q71311867,Q71306466
Q71311873,Q71306466
Q71314033,Q71306466
Q71314036,Q71306466
Q71314927,Q71306466
Q71314930,Q71306466
Q71314964,Q71306466
Q71314993,Q71306466
Q71315010,Q71306466
Q101062644,Q96952470
Q116530607,Q55118285
Q116530624,Q55118285
Q116530698,Q55118285
Q116530711,Q55118285
Q116530771,Q55118285
Q116530791,Q55118285
Q116530842,Q55118285
Q116530863,Q55118285
Q116530891,Q55118285
Q116530897,Q55118285
Q116531255,Q55118285
Q116531272,Q55118285
Q116532083,Q55118285
Q4532277,Q55118285
Q13418826,Q55118285
Q71300289,Q55118285
Q107446530,Q58793343
Q107446867,Q70906629
Q106410695,Q106234628
Q107446901,Q92354852
Q107446472,Q37314462
Q106303284,Q26862512
Q106399393,Q101212121
Q106634211,Q98166912
Q106634213,Q98166912
Q107550604,Q95602396
Q107297692,Q34555562
Q116447180,Q55118285
Q116447211,Q55118285
Q116447222,Q55118285
Q116447251,Q55118285
Q116447278,Q55118285
Q116447280,Q55118285
Q116447309,Q55118285
Q116458241,Q55118285
Q116458242,Q55118285
Q116458257,Q55118285
Q116458292,Q55118285
Q116458298,Q55118285
Q116458306,Q55118285
Q116486256,Q55118285
Q116527524,Q55118285
Q116527525,Q55118285
Q116527527,Q55118285
Q116527649,Q55118285
Q116527656,Q55118285
Q116527745,Q55118285
Q116528985,Q55118285
Q116528995,Q55118285
Q116529022,Q55118285
Q116529033,Q55118285
Q116529035,Q55118285
Q116529251,Q55118285
Q116529591,Q55118285
Q116530598,Q55118285
Q116530600,Q55118285
Q116530609,Q55118285
Q116530626,Q55118285
Q116530688,Q55118285
Q116530695,Q55118285
Q116530697,Q55118285
Q116530702,Q55118285
Q116530706,Q55118285
Q116530785,Q55118285
Q116530864,Q55118285
Q116530881,Q55118285
Q116531139,Q55118285
Q116531246,Q55118285
Q116531253,Q55118285
Q116531271,Q55118285
Q116531278,Q55118285
Q116620545,Q55118285
Q116620546,Q55118285
Q116620547,Q55118285
Q116620549,Q55118285
Q116620548,Q55118285
Q116620550,Q55118285
Q116620551,Q55118285
Q116620552,Q55118285
Q116620553,Q55118285
Q116620555,Q55118285
Q116620556,Q55118285
Q116620557,Q55118285
Q116620559,Q55118285
Q116620558,Q55118285
Q116620560,Q55118285
Q116620561,Q55118285
Q116620563,Q55118285
Q116620565,Q55118285
Q116620562,Q55118285
Q116620566,Q55118285
Q116620567,Q55118285
Q116620569,Q55118285
Q116620570,Q55118285
Q116620571,Q55118285
Q116620572,Q55118285
Q116620574,Q55118285
Q116620564,Q55118285
Q107550353,Q106534414
Q107446069,Q89808480
Q107446080,Q89808480
Q107446140,Q89808480
Q107446249,Q89808480
Q107446253,Q89808480
Q107446905,Q92766837
Q106692505,Q90348985
Q107550375,Q106535191
Q107550376,Q106535191
Q107550599,Q106535191
Q107446720,Q89748559
Q107297727,Q57804774
Q106410727,Q36368053
Q116620568,Q55118285
Q116620573,Q55118285
Q116620579,Q55118285
Q116620578,Q55118285
Q116620580,Q55118285
Q116620581,Q55118285
Q116620582,Q55118285
Q116620583,Q55118285
Q116620584,Q55118285
Q116620585,Q55118285
Q116620589,Q55118285
Q116620590,Q55118285
Q116620595,Q55118285
Q116620596,Q55118285
Q116620588,Q55118285
Q116620591,Q55118285
Q116620592,Q55118285
Q116620593,Q55118285
Q116620594,Q55118285
Q116620597,Q55118285
Q116620599,Q55118285
Q116620600,Q55118285
Q116620601,Q55118285
Q116620598,Q55118285
Q116620603,Q55118285
Q116620605,Q55118285
Q116620606,Q55118285
Q116620608,Q55118285
Q116620609,Q55118285
Q116620610,Q55118285
Q116620611,Q55118285
Q116620612,Q55118285
Q116620614,Q55118285
Q116620607,Q55118285
Q116620613,Q55118285
Q116620616,Q55118285
Q116620624,Q55118285
Q116620631,Q55118285
Q116620623,Q55118285
Q116620627,Q55118285
Q116620629,Q55118285
Q116620630,Q55118285
Q116620625,Q55118285
Q116620628,Q55118285
Q116620634,Q55118285
Q116620636,Q55118285
Q116620639,Q55118285
Q116620635,Q55118285
Q116620637,Q55118285
Q116620638,Q55118285
Q116620644,Q55118285
Q116620647,Q55118285
Q116620648,Q55118285
Q116620650,Q55118285
Q116620651,Q55118285
Q116620646,Q55118285
Q116620649,Q55118285
Q116620652,Q55118285
Q116620660,Q55118285
Q116620661,Q55118285
Q116620664,Q55118285
Q116620665,Q55118285
Q116620666,Q55118285
Q116620668,Q55118285
Q116620669,Q55118285
Q116620662,Q55118285
Q116620663,Q55118285
Q116620667,Q55118285
Q116620670,Q55118285
Q116620671,Q55118285
Q116620678,Q55118285
Q116620682,Q55118285
Q116620687,Q55118285
Q116620688,Q55118285
Q116620690,Q55118285
Q116620694,Q55118285
Q116620677,Q55118285
Q116620680,Q55118285
Q116620684,Q55118285
Q116620689,Q55118285
Q116620693,Q55118285
Q116620696,Q55118285
Q116620699,Q55118285
Q116620679,Q55118285
Q116620681,Q55118285
Q116620683,Q55118285
Q116620686,Q55118285
Q116620691,Q55118285
Q116620697,Q55118285
Q116620717,Q55118285
Q107550671,Q104130336
Q109593265,Q59066334
Q108699667,Q50001722
Q108933017,Q50001722
Q108933026,Q50001722
Q109662153,Q91523279
Q109662155,Q91523279
Q109746207,Q91523279
Q109746211,Q91523279
Q109746213,Q91523279
Q109282755,Q107448777
Q108625753,Q47095124
Q108625755,Q47095124
Q107550605,Q95602396
Q108699662,Q91739840
Q108651091,Q50420532
Q109282918,Q102053616
Q107550675,Q106642644
Q107550687,Q106642644
Q108625089,Q42972264
Q108625733,Q42972264
Q108625741,Q42972264
Q108625748,Q42972264
Q109662145,Q97903250
Q109662150,Q97903250
Q109805073,Q89748873
Q109746218,Q108840167
Q109746227,Q108840167
Q108625908,Q100560052
Q108625913,Q100560052
Q108651077,Q100560052
Q108662895,Q94473592
Q108662899,Q94473592
Q109746228,Q91987032
Q108662908,Q104794656
Q108625790,Q48659057
Q109282764,Q107363182
Q108611473,Q90348985
Q109259740,Q107332851
Q109259761,Q107332851
Q109259791,Q107332851
Q109282922,Q42144472
Q109650358,Q59770869
Q108589677,Q106272047
Q108601040,Q106272047
Q109282919,Q91595293
Q111729569,Q111686643
Q111729590,Q26823083
Q111729599,Q26823083
Q111729600,Q26823083
Q111804301,Q92166143
Q111804312,Q61800365
Q111803486,Q111722922
Q111804291,Q97534241
Q111451713,Q57149117
Q111415232,Q57025360
Q111729563,Q111686643
Q111729567,Q111686643
Q111415216,Q38699928
Q111415507,Q52374114
Q109922910,Q92204349
Q111583376,Q111441182
Q111416659,Q63979659
Q111416673,Q63979659
Q111583410,Q111524386
Q109805081,Q108923922
Q109805086,Q108923922
Q109922285,Q108923922
Q109922734,Q100899356
Q111481954,Q92856630
Q111481963,Q92856630
Q111729446,Q41309339
Q111394021,Q57025321
Q111451890,Q111412806
Q111248081,Q34519843
Q109922753,Q57814130
Q109922899,Q57814130
Q116620720,Q55118285
Q116620722,Q55118285
Q116620725,Q55118285
Q116620727,Q55118285
Q116620718,Q55118285
Q116620719,Q55118285
Q116620721,Q55118285
Q116620723,Q55118285
Q116620724,Q55118285
Q116620726,Q55118285
Q111451713,Q55118285
Q111393912,Q109755007
Q111416605,Q91024501
Q111416606,Q91024501
Q111416581,Q37320970
Q111416590,Q37320970
Q111416740,Q92668670
Q111416749,Q92668670
Q111416750,Q92668670
Q111416914,Q100753797
Q111416919,Q100753797
Q111416828,Q27321172
Q111416834,Q27321172
Q111416836,Q27321172
Q109922619,Q101212124
Q111416633,Q101050636
Q111729532,Q111652369
Q111729540,Q111652369
Q111416847,Q51415870
Q111416728,Q36765250
Q111729489,Q111649631
Q111729492,Q111649631
Q111729493,Q111649631
Q111729494,Q111649631
Q111729507,Q111649631
Q111451681,Q94492361
Q111508452,Q111508402
Q111416758,Q51767593
Q111416756,Q60911950
Q111416721,Q60300379
Q111416726,Q60300379
Q111729551,Q107363182
Q111729552,Q107363182
Q111729558,Q107363182
Q111416683,Q59794209
Q111482078,Q111441172
Q111482187,Q111441172
Q111482190,Q111441172
Q109922438,Q67653684
Q111583584,Q99571943
Q111583585,Q99571943
Q111416754,Q90950243
Q111416768,Q92163648
Q111451578,Q111245549
Q111416692,Q47122082
Q111416718,Q47122082
Q111416719,Q47122082
Q111416867,Q93063965
Q109922448,Q109361717
Q109922452,Q109361717
Q109922453,Q109361717
Q109922317,Q109264954
Q111729424,Q59806190
Q111393948,Q92017855
Q111393954,Q92017855
Q111415504,Q98614795
Q109922586,Q90572524
Q111416781,Q89474518
Q109922439,Q109361436
Q111416570,Q91891091
Q109922912,Q92204349
Q109922913,Q92204349
Q111393984,Q89720882
Q109805078,Q108923922
Q109922733,Q100899356
Q113661771,Q34670376
Q109662158,Q91523279
Q109746208,Q91523279
Q109746212,Q91523279
Q109922924,Q92614159
Q109922925,Q92614159
Q109922461,Q109361945
Q111394011,Q57025321
Q109922755,Q57814130
Q116185051,Q55118285
Q116185056,Q55118285
Q116185209,Q55118285
Q116185223,Q55118285
Q116185270,Q55118285
Q116185332,Q55118285
Q116185365,Q55118285
Q116185392,Q55118285
Q116185419,Q55118285
Q116185427,Q55118285
Q116185432,Q55118285
Q116185433,Q55118285
Q116254198,Q55118285
Q116254297,Q55118285
Q116254302,Q55118285
Q116254305,Q55118285
Q116254309,Q55118285
Q116254375,Q55118285
Q116254854,Q55118285
Q116254858,Q55118285
Q116254932,Q55118285
Q116267950,Q55118285
Q116267968,Q55118285
Q116267971,Q55118285
Q116268003,Q55118285
Q116268020,Q55118285
Q116268022,Q55118285
Q116278463,Q55118285
Q116314513,Q55118285
Q109923171,Q109755007
Q109923173,Q109755007
Q111393687,Q109755007
Q111393916,Q109755007
Q113044637,Q38251585
Q113044651,Q38251585
Q113044695,Q38251585
Q109650376,Q91969373
Q111393964,Q96017661
Q109922617,Q101212124
Q109746217,Q108840167
Q113044734,Q91321664
Q113044747,Q91321664
Q114095445,Q42361618
Q113044605,Q89748825
Q113044609,Q89748825
Q109922467,Q60341043
Q109746355,Q92932854
Q113044575,Q91662280
Q113044576,Q91662280
Q109922450,Q109361717
Q109922321,Q109264954
Q109922324,Q109264954
Q109922325,Q109264954
Q109650361,Q59770869
Q113044588,Q112689286
Q113044589,Q112689286
Q113044591,Q112689286
Q109922328,Q39281660
Q113044535,Q89621143
Q112943517,Q93115184
Q112943583,Q93115184
Q113044466,Q93115184
Q113044468,Q93115184
Q113044475,Q93115184
Q116314620,Q55118285
Q116314669,Q55118285
Q116314831,Q55118285
Q116315643,Q55118285
Q116315652,Q55118285
Q116315787,Q55118285
Q116315793,Q55118285
Q116342381,Q55118285
Q116342387,Q55118285
Q116342577,Q55118285
Q116342635,Q55118285
Q116342684,Q55118285
Q116342908,Q55118285
Q116343022,Q55118285
Q116343027,Q55118285
Q116343029,Q55118285
Q116343108,Q55118285
Q116446784,Q55118285
Q116446787,Q55118285
Q116446790,Q55118285
Q116446791,Q55118285
Q116446792,Q55118285
Q116446810,Q55118285
Q116446812,Q55118285
Q116446852,Q55118285
Q116446860,Q55118285
Q116446876,Q55118285
Q116446892,Q55118285
Q116446911,Q55118285
Q116447122,Q55118285
Q116447156,Q55118285
Q116447190,Q55118285
Q116447196,Q55118285
Q116447207,Q55118285
Q116447221,Q55118285
Q116447252,Q55118285
Q116447277,Q55118285
Q116447283,Q55118285
Q116447284,Q55118285
Q116447286,Q55118285
Q116447308,Q55118285
Q116447346,Q55118285
Q116458205,Q55118285
Q116458233,Q55118285
Q116458243,Q55118285
Q116458249,Q55118285
Q116458260,Q55118285
Q116458297,Q55118285
Q116458308,Q55118285
Q116486266,Q55118285
Q116486268,Q55118285
Q116486269,Q55118285
Q116527511,Q55118285
Q116527648,Q55118285
Q116527657,Q55118285
Q116527748,Q55118285
Q116529019,Q55118285
Q116529241,Q55118285
Q116529245,Q55118285
Q116529247,Q55118285
Q116529464,Q55118285
Q116530517,Q55118285
Q116530588,Q55118285
Q116530616,Q55118285
Q116530685,Q55118285
Q116530779,Q55118285
Q116530793,Q55118285
Q116530853,Q55118285
Q116530861,Q55118285
Q116530876,Q55118285
Q116530894,Q55118285
Q116530896,Q55118285
Q116531144,Q55118285
Q116531249,Q55118285
Q116532072,Q55118285
Q116532076,Q55118285
Q116532081,Q55118285
Q113044522,Q104492479
Q113044529,Q104492479
Q113044502,Q96828908
Q126717759,Q27021885
Q126717761,Q27021885
Q126717762,Q27021885
Q111729559,Q111686643
Q111729601,Q26823083
Q113044557,Q55006597
Q111804292,Q92166143
Q111804300,Q92166143
Q113407761,Q92055634
Q113044709,Q55118285
Q116185216,Q55118285
Q116185480,Q55118285
Q116185533,Q55118285
Q116254266,Q55118285
Q116254293,Q55118285
Q116254308,Q55118285
Q116254368,Q55118285
Q116254372,Q55118285
Q116254699,Q55118285
Q116254934,Q55118285
Q116254942,Q55118285
Q116267970,Q55118285
Q116267972,Q55118285
Q116268005,Q55118285
Q116268017,Q55118285
Q116314475,Q55118285
Q116314894,Q55118285
Q116315016,Q55118285
Q116315165,Q55118285
Q116315169,Q55118285
Q116315402,Q55118285
Q116315416,Q55118285
Q116315620,Q55118285
Q116315723,Q55118285
Q116315780,Q55118285
Q116342365,Q55118285
Q116342479,Q55118285
Q116342505,Q55118285
Q116342509,Q55118285
Q116343030,Q55118285
Q116343094,Q55118285
Q116343129,Q55118285
Q116446786,Q55118285
Q116446825,Q55118285
Q111803505,Q111729803
Q111803716,Q111729803
Q113044627,Q38251585
Q113044635,Q38251585
Q113044650,Q38251585
Q113044659,Q38251585
Q113044700,Q38251585
Q113044702,Q38251585
Q111729538,Q111652369
Q113044709,Q91321664
Q113044713,Q91321664
Q113044716,Q91321664
Q113044732,Q91321664
Q113044739,Q91321664
Q113044740,Q91321664
Q113044755,Q91321664
Q113044756,Q91321664
Q113044594,Q89748825
Q113044620,Q89748825
Q113044621,Q89748825
Q113044546,Q38672340
Q113141325,Q27321802
Q111729547,Q107363182
Q111729554,Q107363182
Q113044564,Q91662280
Q113044571,Q91662280
Q113044587,Q91662280
Q111804506,Q98725920
Q113044759,Q42776260
Q113044760,Q42776260
Q113044763,Q42776260
Q113661761,Q92083751
Q111451561,Q94671498
Q111451565,Q94671498
Q111415298,Q57025360
Q107446792,Q90612750
Q106410670,Q106234628
Q107446685,Q33664675
Q107446512,Q47564808
Q111583364,Q111441182
Q111583366,Q111441182
Q111583377,Q111441182
Q111583378,Q111441182
Q111583380,Q111441182
Q111583385,Q111441182
Q111416647,Q63979659
Q111416648,Q63979659
Q111416649,Q63979659
Q111416669,Q63979659
Q111416671,Q63979659
Q111583413,Q111524386
Q111583496,Q111524386
Q111583527,Q111524386
Q111451684,Q42004626
Q111416549,Q90761592
Q111416553,Q90761592
Q106303244,Q26862512
Q106517045,Q106248504
Q106602130,Q106248504
Q111451572,Q26771463
Q105665546,Q28288068
Q107297680,Q34555562
Q107297698,Q34555562
Q111416889,Q55118285
Q111729405,Q90009406
Q111729408,Q90009406
Q111416889,Q99637086
Q111416890,Q99637086
Q111416894,Q99637086
Q107369429,Q104552382
Q107369431,Q104552382
Q111416596,Q37320970
Q111416898,Q100753797
Q111416899,Q100753797
Q111416915,Q100753797
Q111451560,Q100753797
Q106864886,Q71273935
Q111416628,Q101050636
Q111729516,Q111652369
Q111729519,Q111652369
Q111729520,Q111652369
Q111416680,Q58698810
Q111416732,Q36765250
Q111729456,Q111649631
Q111729491,Q111649631
Q107306940,Q89808480
Q107306965,Q89808480
Q107306967,Q89808480
Q107306968,Q89808480
Q107446149,Q89808480
Q107446228,Q89808480
Q107446251,Q89808480
Q107446256,Q89808480
Q107446257,Q89808480
Q107446462,Q89808480
Q111415142,Q90798324
Q111416735,Q93052958
Q111482081,Q111441172
Q111482207,Q111441172
Q111583588,Q99571943
Q111583589,Q99571943
Q107446907,Q92766837
Q111451576,Q111245549
Q111451658,Q111245549
Q111451666,Q111245549
Q111451672,Q111245549
Q111451673,Q111245549
Q111416542,Q83232134
Q111416691,Q47122082
Q107446713,Q89748559
Q107446714,Q89748559
Q111415498,Q98614795
Q111416635,Q101127596
Q106410726,Q36368053
Q106410728,Q36368053
Q106410730,Q36368053
Q106410732,Q36368053
Q111416777,Q89474518
Q111416803,Q93039229
Q111416639,Q110477396
Q111416568,Q91891091
Q111416571,Q91891091
Q71306995,Q71306466
Q71309281,Q71306466
Q71309855,Q71306466
Q71309858,Q71306466
Q71311220,Q71306466
Q71313762,Q71306466
Q71313766,Q71306466
Q71314925,Q71306466
Q71314997,Q71306466
Q109922902,Q92817489
Q111415278,Q57025360
Q111415295,Q57025360
Q71307007,Q71306466
Q71309845,Q71306466
Q71311224,Q71306466
Q71311236,Q71306466
Q71311239,Q71306466
Q71313347,Q71306466
Q71314048,Q71306466
Q71314923,Q71306466
Q71314938,Q71306466
Q71314943,Q71306466
Q71314959,Q71306466
Q71314962,Q71306466
Q71314968,Q71306466
Q71314981,Q71306466
Q71315015,Q71306466
Q71315021,Q71306466
Q71315032,Q71306466
Q109922222,Q91960518
Q109922225,Q91960518
Q109922227,Q91960518
Q109922906,Q92204349
Q109922907,Q92204349
Q109922911,Q92204349
Q109593259,Q59066334
Q109593262,Q59066334
Q109805232,Q108923922
Q109922732,Q100899356
Q111415587,Q93151331
Q109662165,Q91523279
Q109746214,Q91523279
Q109922923,Q92614159
Q111415534,Q58840753
Q109282904,Q96690191
Q111394018,Q57025321
Q111248084,Q34519843
Q109922758,Q57814130
Q109922898,Q57814130
Q109593259,Q55118285
Q108933027,Q46852287
Q111393919,Q109755007
Q111393922,Q109755007
Q111396654,Q55118285
Q111416589,Q37320970
Q109746363,Q89748873
Q109746225,Q108840167
Q111415139,Q90798324
Q111415316,Q93137685
Q111415319,Q93137685
Q111415479,Q93137685
Q109922464,Q60341043
Q109922465,Q60341043
Q109282901,Q107363182
Q109922330,Q67653684
Q111416544,Q83232134
Q109922454,Q109361717
Q111393941,Q92017855
Q109235349,Q107332851
Q109259724,Q107332851
Q109259727,Q107332851
Q109259728,Q107332851
Q109259731,Q107332851
Q109259733,Q107332851
Q109282921,Q42144472
Q109282923,Q42144472
Q109282924,Q42144472
Q109922445,Q109361436
Q115619682,Q90361677
Q113044510,Q90872162
Q113661764,Q104288327
Q113661765,Q104288327
Q112184899,Q96952470
Q112117474,Q68270459
Q112117514,Q36108549
Q112117420,Q40736991
Q112117427,Q40736991
Q112117450,Q91960533
Q112117452,Q91960533
Q112943512,Q93115184
Q113044467,Q93115184
Q112117479,Q29617435
Q112117480,Q29617435
Q116185055,Q55118285
Q116185057,Q55118285
Q116185320,Q55118285
Q116185401,Q55118285
Q116185417,Q55118285
Q116185420,Q55118285
Q116185429,Q55118285
Q116185430,Q55118285
Q116185501,Q55118285
Q116254185,Q55118285
Q116254197,Q55118285
Q116254295,Q55118285
Q116254318,Q55118285
Q116254860,Q55118285
Q116259182,Q55118285
Q116267958,Q55118285
Q116267997,Q55118285
Q116278979,Q55118285
Q112943497,Q38251585
Q113044624,Q38251585
Q113044705,Q38251585
Q113046503,Q38251585
Q113044523,Q104492479
Q113044714,Q91321664
Q113044745,Q91321664
Q113044750,Q91321664
Q113044753,Q91321664
Q114095444,Q42361618
Q113044537,Q93137723
Q113044543,Q93137723
Q112117495,Q64888669
Q112117443,Q36352374
Q113661757,Q89983278
Q113661760,Q89983278
Q113044547,Q38672340
Q113661766,Q56529283
Q113661769,Q56529283
Q112117482,Q112079435
Q111804511,Q98725920
Q113141328,Q92370531
Q113141329,Q92370531
Q111804528,Q90781384
Q113044592,Q112689286
Q113044593,Q112689286
Q112184906,Q98718297
Q112184909,Q98718297
Q113661770,Q113652908
Q111451562,Q94671498
Q111583387,Q111441182
Q111416667,Q63979659
Q111416675,Q63979659
Q111583407,Q111524386
Q111583421,Q111524386
Q111583499,Q111524386
Q111451686,Q42004626
Q111451909,Q92856630
Q111416592,Q37320970
Q111416597,Q37320970
Q111416904,Q100753797
Q111416912,Q100753797
Q111416916,Q100753797
Q111416632,Q101050636
Q111416678,Q58698810
Q111416731,Q36765250
Q111416761,Q51767593
Q111416688,Q59336232
Q111451705,Q42737633
Q111451710,Q42737633
Q111451711,Q42737633
Q111482666,Q111441187
Q111482191,Q111441172
Q111482194,Q111441172
Q111482195,Q111441172
Q111482197,Q111441172
Q111451568,Q58569656
Q111416752,Q90950243
Q111451574,Q111245549
Q111451656,Q111245549
Q111451668,Q111245549
Q111416717,Q47122082
Q111416720,Q47122082
Q111416772,Q89474518
Q111416786,Q89474518
Q111416807,Q93039229
Q111416812,Q93039229
Q111416822,Q93039229
Q111451564,Q94671498
Q111451717,Q57149117
Q111451722,Q57149117
Q111451724,Q57149117
Q111451725,Q57149117
Q111451731,Q57149117
Q111451735,Q57149117
Q111416843,Q59326833
Q111415288,Q57025360
Q109922743,Q92303660
Q109922745,Q92303660
Q111415219,Q38699928
Q111415510,Q52374114
Q111415517,Q52374114
Q111415524,Q52374114
Q111393974,Q89720882
Q111416672,Q63979659
Q111416677,Q63979659
Q111451685,Q42004626
Q107550292,Q106534301
Q111416840,Q47321523
Q111416551,Q90761592
Q108853725,Q50001722
Q108933023,Q50001722
Q111415577,Q93151331
Q111415564,Q58840753
Q111415567,Q58840753
Q111394003,Q57025321
Q109922757,Q57814130
Q108933028,Q46852287
Q111416868,Q99637086
Q111416887,Q99637086
Q111416893,Q99637086
Q111416895,Q99637086
Q111393863,Q109755007
Q111416598,Q37320970
Q111416600,Q37320970
Q111416737,Q92668670
Q111416746,Q92668670
Q107550684,Q106642644
Q107550688,Q106642644
Q111416903,Q100753797
Q108625735,Q42972264
Q108625751,Q42972264
Q111416826,Q27321172
Q111416679,Q58698810
Q108651074,Q100560052
Q107550348,Q106534414
Q107550349,Q106534414
Q111415482,Q93137685
Q108662909,Q104794656
Q111416722,Q60300379
Q108651096,Q52655768
Q108651099,Q52655768
Q107559264,Q104450624
Q107559266,Q104450624
Q108589639,Q104450624
Q111416733,Q59329604
Q111482142,Q111441172
Q111482196,Q111441172
Q108625906,Q90284294
Q107446910,Q92766837
Q107446916,Q92766837
Q107452693,Q92766837
Q111451569,Q58569656
Q111416767,Q92163648
Q111416769,Q92163648
Q111451577,Q111245549
Q111451677,Q111245549
Q108611474,Q90348985
Q108611480,Q90348985
Q108611481,Q90348985
Q108611490,Q90348985
Q111416862,Q93063965
Q111415213,Q58547062
Q107550354,Q106535191
Q107550377,Q106535191
Q107550596,Q106535191
Q111393926,Q92017855
Q107550616,Q102206138
Q107550669,Q102206138
Q111415501,Q98614795
Q109259730,Q107332851
Q109259743,Q107332851
Q109922749,Q92382884
Q109922752,Q92382884
Q107452702,Q60128972
Q107550610,Q106272047
Q107550611,Q106272047
Q111416573,Q91891091
Q107446788,Q90612750
Q107446687,Q59068540
Q106410698,Q106234628
Q108625801,Q29617430
Q107446529,Q47564808
Q107297653,Q92267490
Q107446493,Q37314462
Q108853728,Q50001722
Q108853729,Q50001722
Q106303242,Q26862512
Q106303259,Q26862512
Q106303262,Q26862512
Q106399343,Q101212121
Q106399344,Q101212121
Q106410740,Q106248504
Q106634208,Q98166912
Q108625759,Q47095124
Q107550600,Q95602396
Q107550602,Q95602396
Q108699663,Q91739840
Q108699665,Q91739840
Q108651084,Q50420532
Q105665532,Q28288068
Q105665543,Q28288068
Q107297674,Q34555562
Q37927811,Q55118285
Q66589802,Q55118285
Q106161481,Q55118285
Q107369433,Q104552382
Q107550683,Q106642644
Q107550689,Q106642644
Q107550691,Q106642644
Q108625081,Q42972264
Q108625773,Q93040438
Q108625914,Q100560052
Q108651076,Q100560052
Q108662710,Q94473592
Q108662903,Q94473592
Q107550352,Q106534414
Q107446141,Q89808480
Q107446151,Q89808480
Q107446152,Q89808480
Q107446460,Q89808480
Q107558774,Q104450608
Q108651098,Q52655768
Q108589640,Q104450624
Q107301412,Q106354969
Q108625902,Q90284294
Q107446902,Q92766837
Q107452694,Q92766837
Q108611491,Q90348985
Q108611493,Q90348985
Q107550595,Q106535191
Q107550668,Q102206138
Q107297769,Q57804774
Q107297778,Q57804774
Q108601047,Q106272048
Q108601048,Q106272048
Q108601049,Q106272048
Q108601050,Q106272048
Q108601046,Q106272047
Q107550697,Q99604056
Q111729560,Q111686643
Q111729572,Q111686643
Q111804529,Q92709563
Q112184887,Q96952470
Q112184898,Q96952470
Q111583396,Q111441182
Q111804522,Q111749843
Q111804524,Q111749843
Q111729587,Q26823083
Q111729598,Q26823083
Q111583405,Q111524386
Q111583524,Q111524386
Q112117470,Q68270459
Q112117526,Q36108549
Q112117421,Q40736991
Q112117453,Q91960533
Q112943508,Q93115184
Q112943513,Q93115184
Q111804499,Q61800365
Q111804501,Q61800365
Q112117461,Q55118285
Q116643358,Q55118285
Q116643360,Q55118285
Q116643361,Q55118285
Q116643370,Q55118285
Q116643367,Q55118285
Q116643369,Q55118285
Q116643372,Q55118285
Q116643375,Q55118285
Q116643377,Q55118285
Q116643378,Q55118285
Q116643379,Q55118285
Q116643380,Q55118285
Q116643371,Q55118285
Q116643373,Q55118285
Q116643374,Q55118285
Q116643376,Q55118285
Q116643381,Q55118285
Q116643382,Q55118285
Q116643383,Q55118285
Q116643603,Q55118285
Q116643604,Q55118285
Q116643606,Q55118285
Q116643612,Q55118285
Q116643609,Q55118285
Q116643613,Q55118285
Q116643615,Q55118285
Q116643616,Q55118285
Q116643618,Q55118285
Q116643620,Q55118285
Q116643621,Q55118285
Q116643623,Q55118285
Q116643624,Q55118285
Q116643626,Q55118285
Q116643627,Q55118285
Q116643629,Q55118285
Q116643631,Q55118285
Q116643632,Q55118285
Q116643634,Q55118285
Q116644107,Q55118285
Q116644114,Q55118285
Q116644119,Q55118285
Q116644123,Q55118285
Q116644124,Q55118285
Q116644132,Q55118285
Q116644110,Q55118285
Q116644135,Q55118285
Q116644120,Q55118285
Q116644102,Q55118285
Q116644106,Q55118285
Q116644109,Q55118285
Q116644115,Q55118285
Q116644101,Q55118285
Q116644112,Q55118285
Q116644126,Q55118285
Q116644133,Q55118285
Q116644104,Q55118285
Q116644128,Q55118285
Q116644130,Q55118285
Q116644303,Q55118285
Q116644297,Q55118285
Q116644298,Q55118285
Q116644300,Q55118285
Q116644301,Q55118285
Q111729512,Q111652369
Q111729522,Q111652369
Q112117454,Q111985889
Q112117461,Q111985889
Q112117464,Q111985889
Q111729506,Q111649631
Q112117506,Q64888669
Q112117507,Q64888669
Q111482202,Q111441172
Q111482203,Q111441172
Q111482204,Q111441172
Q111482205,Q111441172
Q111729409,Q94948254
Q111804290,Q97534241
Q116314484,Q55118285
Q116314491,Q55118285
Q116314599,Q55118285
Q116314614,Q55118285
Q116314617,Q55118285
Q116315155,Q55118285
Q116315910,Q55118285
Q116342428,Q55118285
Q116342449,Q55118285
Q116342477,Q55118285
Q116342561,Q55118285
Q116342593,Q55118285
Q116342595,Q55118285
Q116342944,Q55118285
Q116343026,Q55118285
Q116343092,Q55118285
Q116343124,Q55118285
Q116446808,Q55118285
Q66599479,Q64888669
Q111729565,Q111686643
Q113044509,Q90872162
Q113661762,Q104288327
Q112184886,Q96952470
Q112184891,Q96952470
Q112117445,Q38722200
Q113044533,Q89621143
Q111583500,Q111524386
Q111583523,Q111524386
Q111583526,Q111524386
Q112117473,Q68270459
Q112117524,Q36108549
Q113661754,Q40252079
Q112117447,Q91960533
Q112117448,Q91960533
Q113044559,Q55006597
Q112943509,Q93115184
Q112943589,Q93115184
Q113044463,Q93115184
Q113044465,Q93115184
Q111804298,Q92166143
Q112117489,Q41946263
Q111804310,Q61800365
Q111804492,Q61800365
Q111804500,Q61800365
Q113407760,Q92055634
Q111803497,Q92705278
Q113044710,Q55118285
Q116185361,Q55118285
Q116185423,Q55118285
Q116185498,Q55118285
Q116185541,Q55118285
Q116254200,Q55118285
Q116254695,Q55118285
Q116254696,Q55118285
Q116254856,Q55118285
Q111804286,Q111729803
Q111729402,Q90009406
Q111729404,Q90009406
Q113044623,Q38251585
Q113044693,Q38251585
Q113044694,Q38251585
Q113046550,Q38251585
Q111729514,Q111652369
Q111729523,Q111652369
Q111729536,Q111652369
Q111729537,Q111652369
Q113044514,Q104492479
Q113044521,Q104492479
Q113044525,Q104492479
Q113044710,Q91321664
Q113044718,Q91321664
Q113044748,Q91321664
Q113044754,Q91321664
Q112117458,Q111985889
Q112117467,Q111985889
Q112117469,Q111985889
Q111729502,Q111649631
Q112117504,Q64888669
Q112117505,Q64888669
Q112117442,Q36352374
Q112117444,Q36352374
Q113661755,Q89983278
Q113661756,Q89983278
Q113661759,Q89983278
Q111729550,Q107363182
Q112117481,Q112079435
Q113044572,Q91662280
Q113044579,Q91662280
Q113044758,Q42776260
Q111804526,Q90781384
Q113044590,Q112689286
Q113044552,Q91989344
Q116446829,Q55118285
Q116446857,Q55118285
Q116446864,Q55118285
Q116446872,Q55118285
Q116446907,Q55118285
Q116446912,Q55118285
Q116447119,Q55118285
Q116447121,Q55118285
Q116447130,Q55118285
Q116447136,Q55118285
Q116447137,Q55118285
Q116447141,Q55118285
Q116447164,Q55118285
Q116447179,Q55118285
Q116447203,Q55118285
Q116447208,Q55118285
Q116447255,Q55118285
Q116447256,Q55118285
Q116447269,Q55118285
Q116447276,Q55118285
Q116447341,Q55118285
Q116447347,Q55118285
Q116458232,Q55118285
Q116458252,Q55118285
Q116527521,Q55118285
Q116527528,Q55118285
Q116527643,Q55118285
Q116527646,Q55118285
Q116527660,Q55118285
Q116529249,Q55118285
Q116529253,Q55118285
Q116529256,Q55118285
Q116529459,Q55118285
Q116529582,Q55118285
Q116529588,Q55118285
Q116529599,Q55118285
Q116529601,Q55118285
Q116530514,Q55118285
Q116530527,Q55118285
Q116530596,Q55118285
Q116530610,Q55118285
Q116530617,Q55118285
Q116530687,Q55118285
Q116530692,Q55118285
Q116530700,Q55118285
Q116530784,Q55118285
Q116530787,Q55118285
Q116530843,Q55118285
Q116530873,Q55118285
Q116530884,Q55118285
Q116530898,Q55118285
Q116531251,Q55118285
Q116531261,Q55118285
Q116531269,Q55118285
Q116532062,Q55118285
Q116532071,Q55118285
Q116532082,Q55118285
Q3307661,Q55118285
Q116446826,Q55118285
Q116446831,Q55118285
Q116446841,Q55118285
Q116446856,Q55118285
Q116446875,Q55118285
Q116446901,Q55118285
Q116446919,Q55118285
Q116446920,Q55118285
Q116447120,Q55118285
Q116447144,Q55118285
Q116447152,Q55118285
Q116447168,Q55118285
Q116447184,Q55118285
Q116447188,Q55118285
Q116447192,Q55118285
Q116447194,Q55118285
Q116447204,Q55118285
Q116447219,Q55118285
Q116447254,Q55118285
Q116447289,Q55118285
Q116458256,Q55118285
Q116486265,Q55118285
Q116527384,Q55118285
Q116527520,Q55118285
Q116527522,Q55118285
Q116527529,Q55118285
Q116527534,Q55118285
Q116528990,Q55118285
Q116529002,Q55118285
Q116529018,Q55118285
Q116529232,Q55118285
Q116529238,Q55118285
Q116529465,Q55118285
Q116529595,Q55118285
Q116529603,Q55118285
Q116529604,Q55118285
Q29642076,Q27321172
Q107446473,Q37314462
Q107446474,Q37314462
Q107550293,Q106534301
Q106303241,Q26862512
Q106303243,Q26862512
Q106410739,Q106248504
Q106517059,Q106248504
Q106634205,Q98166912
Q106634206,Q98166912
Q106634210,Q98166912
Q106634240,Q98166912
Q107550603,Q95602396
Q105665530,Q28288068
Q105665535,Q28288068
Q105665537,Q28288068
Q105665548,Q28288068
Q107297676,Q34555562
Q107369432,Q104552382
Q107550677,Q106642644
Q107550679,Q106642644
Q107446081,Q89808480
Q107446224,Q89808480
Q107446372,Q89808480
Q107446373,Q89808480
Q107446375,Q89808480
Q107452696,Q92826478
Q107559259,Q104450608
Q107446863,Q91561671
Q107550372,Q106535191
Q107550373,Q106535191
Q107446716,Q89748559
Q107446718,Q89748559
Q107297743,Q57804774
Q107452705,Q60128972
Q107452706,Q60128972
Q107550609,Q106272047
Q107550612,Q106272047
Q116644302,Q55118285
Q116644304,Q55118285
Q116644299,Q55118285
Q116644305,Q55118285
Q116644306,Q55118285
Q116644307,Q55118285
Q116644308,Q55118285
Q116644310,Q55118285
Q116644313,Q55118285
Q116644316,Q55118285
Q116644317,Q55118285
Q116644309,Q55118285
Q116644312,Q55118285
Q116644314,Q55118285
Q116644315,Q55118285
Q116644319,Q55118285
Q116644311,Q55118285
Q116644318,Q55118285
Q116644332,Q55118285
Q116644334,Q55118285
Q116644335,Q55118285
Q116644336,Q55118285
Q116644338,Q55118285
Q116644339,Q55118285
Q116644340,Q55118285
Q116644341,Q55118285
Q116644342,Q55118285
Q116644344,Q55118285
Q116644343,Q55118285
Q116644345,Q55118285
Q116644346,Q55118285
Q116644347,Q55118285
Q116644355,Q55118285
Q116644356,Q55118285
Q116644357,Q55118285
Q116644361,Q55118285
Q116644363,Q55118285
Q116530516,Q55118285
Q116530614,Q55118285
Q116530620,Q55118285
Q116530622,Q55118285
Q116530691,Q55118285
Q116530701,Q55118285
Q116530704,Q55118285
Q116530781,Q55118285
Q116530845,Q55118285
Q116530851,Q55118285
Q116530856,Q55118285
Q116530860,Q55118285
Q116530866,Q55118285
Q116530874,Q55118285
Q116530880,Q55118285
Q116530887,Q55118285
Q116530890,Q55118285
Q116531140,Q55118285
Q116531147,Q55118285
Q116531262,Q55118285
Q116531264,Q55118285
Q116531275,Q55118285
Q116531277,Q55118285
Q116532065,Q55118285
Q116532066,Q55118285
Q116532078,Q55118285
Q6057165,Q55118285
Q48997382,Q55118285
Q106161446,Q55118285
Q48997534,Q81152534
